{
	"identifier": "Level_7",
	"uniqueIdentifer": "2288f990-d7b0-11ee-b4a0-2f38e1bc55df",
	"x": -1,
	"y": -1,
	"width": 368,
	"height": 128,
	"bgColor": "#696A79",
	"neighbourLevels": [],
	"customFields" : {},
	"layers": [
		"Tiles.png",
		"IntGrid.png"
	],
	"entities": {
		"Collision": [
			{
				"id": "Collision",
				"iid": "2504a7f0-d7b0-11ee-b4a0-2339117c9a57",
				"layer": "Entities",
				"x": 0,
				"y": 104,
				"width": 128,
				"height": 8,
				"color": 15389866,
				"customFields" : {}
			},
			{
				"id": "Collision",
				"iid": "80322110-d7b0-11ee-b8b5-eb6b29645c1c",
				"layer": "Entities",
				"x": 192,
				"y": 16,
				"width": 40,
				"height": 8,
				"color": 15389866,
				"customFields" : {}
			},
			{
				"id": "Collision",
				"iid": "e184fc30-d7b0-11ee-b8b5-3bce3a0c37ce",
				"layer": "Entities",
				"x": 304,
				"y": 16,
				"width": 8,
				"height": 96,
				"color": 15389866,
				"customFields" : {}
			},
			{
				"id": "Collision",
				"iid": "e3d86210-d7b0-11ee-b8b5-9bbe11056760",
				"layer": "Entities",
				"x": 0,
				"y": 16,
				"width": 8,
				"height": 88,
				"color": 15389866,
				"customFields" : {}
			},
			{
				"id": "Collision",
				"iid": "e5dc9680-d7b0-11ee-b8b5-d51d70fe56fb",
				"layer": "Entities",
				"x": 8,
				"y": 16,
				"width": 120,
				"height": 8,
				"color": 15389866,
				"customFields" : {}
			}
		],
		"Spawn": [
			{
				"id": "Spawn",
				"iid": "26f70210-d7b0-11ee-b4a0-c315ecfe2795",
				"layer": "Entities",
				"x": 16,
				"y": 56,
				"width": 8,
				"height": 8,
				"color": 39387,
				"customFields" : {}
			}
		],
		"PortalExit": [
			{
				"id": "PortalExit",
				"iid": "3f0f6f90-d7b0-11ee-b8b5-a39598068a64",
				"layer": "Entities",
				"x": 16,
				"y": 64,
				"width": 8,
				"height": 8,
				"color": 14984818,
				"customFields": {
					"Gravity": "Up"
				}
			}
		],
		"Death": [
			{
				"id": "Death",
				"iid": "45852ef0-d7b0-11ee-b8b5-d761663b4594",
				"layer": "Entities",
				"x": 128,
				"y": 104,
				"width": 8,
				"height": 8,
				"color": 16711748,
				"customFields": {
					"Gravity": "Down"
				}
			},
			{
				"id": "Death",
				"iid": "4ec72db0-d7b0-11ee-b8b5-edd95baa1ce9",
				"layer": "Entities",
				"x": 128,
				"y": 16,
				"width": 8,
				"height": 8,
				"color": 16711748,
				"customFields": {
					"Gravity": "Up"
				}
			},
			{
				"id": "Death",
				"iid": "d5a4a150-d7b0-11ee-b8b5-1bc13e501d23",
				"layer": "Entities",
				"x": 280,
				"y": 16,
				"width": 8,
				"height": 8,
				"color": 16711748,
				"customFields": {
					"Gravity": "Up"
				}
			},
			{
				"id": "Death",
				"iid": "d6588800-d7b0-11ee-b8b5-cd4bcbfa54e8",
				"layer": "Entities",
				"x": 288,
				"y": 16,
				"width": 8,
				"height": 8,
				"color": 16711748,
				"customFields": {
					"Gravity": "Up"
				}
			},
			{
				"id": "Death",
				"iid": "d6c0e6c0-d7b0-11ee-b8b5-b1b61a66f231",
				"layer": "Entities",
				"x": 296,
				"y": 16,
				"width": 8,
				"height": 8,
				"color": 16711748,
				"customFields": {
					"Gravity": "Up"
				}
			},
			{
				"id": "Death",
				"iid": "d79b4130-d7b0-11ee-b8b5-778281101d95",
				"layer": "Entities",
				"x": 136,
				"y": 16,
				"width": 8,
				"height": 8,
				"color": 16711748,
				"customFields": {
					"Gravity": "Up"
				}
			},
			{
				"id": "Death",
				"iid": "d7fee500-d7b0-11ee-b8b5-f3a8d69365a7",
				"layer": "Entities",
				"x": 144,
				"y": 16,
				"width": 8,
				"height": 8,
				"color": 16711748,
				"customFields": {
					"Gravity": "Up"
				}
			},
			{
				"id": "Death",
				"iid": "d8554260-d7b0-11ee-b8b5-5d83e315ced6",
				"layer": "Entities",
				"x": 152,
				"y": 16,
				"width": 8,
				"height": 8,
				"color": 16711748,
				"customFields": {
					"Gravity": "Up"
				}
			},
			{
				"id": "Death",
				"iid": "d8ab9fc0-d7b0-11ee-b8b5-41cbafc3f82c",
				"layer": "Entities",
				"x": 160,
				"y": 16,
				"width": 8,
				"height": 8,
				"color": 16711748,
				"customFields": {
					"Gravity": "Up"
				}
			},
			{
				"id": "Death",
				"iid": "dab26c40-d7b0-11ee-b8b5-b3e08ab25a81",
				"layer": "Entities",
				"x": 168,
				"y": 16,
				"width": 8,
				"height": 8,
				"color": 16711748,
				"customFields": {
					"Gravity": "Up"
				}
			},
			{
				"id": "Death",
				"iid": "ddc1f630-d7b0-11ee-b8b5-8128dce55320",
				"layer": "Entities",
				"x": 176,
				"y": 16,
				"width": 8,
				"height": 8,
				"color": 16711748,
				"customFields": {
					"Gravity": "Up"
				}
			},
			{
				"id": "Death",
				"iid": "de1a7670-d7b0-11ee-b8b5-a90f6c596ba1",
				"layer": "Entities",
				"x": 184,
				"y": 16,
				"width": 8,
				"height": 8,
				"color": 16711748,
				"customFields": {
					"Gravity": "Up"
				}
			},
			{
				"id": "Death",
				"iid": "e0599100-d7b0-11ee-b8b5-670fcfb743cf",
				"layer": "Entities",
				"x": 232,
				"y": 16,
				"width": 8,
				"height": 8,
				"color": 16711748,
				"customFields": {
					"Gravity": "Up"
				}
			},
			{
				"id": "Death",
				"iid": "e0d3a300-d7b0-11ee-b8b5-f3a6b7739c97",
				"layer": "Entities",
				"x": 240,
				"y": 16,
				"width": 8,
				"height": 8,
				"color": 16711748,
				"customFields": {
					"Gravity": "Up"
				}
			},
			{
				"id": "Death",
				"iid": "e13c01c0-d7b0-11ee-b8b5-0f180fb64d6b",
				"layer": "Entities",
				"x": 248,
				"y": 16,
				"width": 8,
				"height": 8,
				"color": 16711748,
				"customFields": {
					"Gravity": "Up"
				}
			},
			{
				"id": "Death",
				"iid": "e1e86e60-d7b0-11ee-b8b5-1b6c6d31a97e",
				"layer": "Entities",
				"x": 256,
				"y": 16,
				"width": 8,
				"height": 8,
				"color": 16711748,
				"customFields": {
					"Gravity": "Up"
				}
			},
			{
				"id": "Death",
				"iid": "e279d8f0-d7b0-11ee-b8b5-4f7eb01880ef",
				"layer": "Entities",
				"x": 264,
				"y": 16,
				"width": 8,
				"height": 8,
				"color": 16711748,
				"customFields": {
					"Gravity": "Up"
				}
			},
			{
				"id": "Death",
				"iid": "e356a460-d7b0-11ee-b8b5-870ee0f2a018",
				"layer": "Entities",
				"x": 272,
				"y": 16,
				"width": 8,
				"height": 8,
				"color": 16711748,
				"customFields": {
					"Gravity": "Up"
				}
			},
			{
				"id": "Death",
				"iid": "e44b3d90-d7b0-11ee-b8b5-3929a98f5b73",
				"layer": "Entities",
				"x": 136,
				"y": 104,
				"width": 8,
				"height": 8,
				"color": 16711748,
				"customFields": {
					"Gravity": "Down"
				}
			},
			{
				"id": "Death",
				"iid": "e50c6ab0-d7b0-11ee-b8b5-ed6b04fbcad7",
				"layer": "Entities",
				"x": 144,
				"y": 104,
				"width": 8,
				"height": 8,
				"color": 16711748,
				"customFields": {
					"Gravity": "Down"
				}
			},
			{
				"id": "Death",
				"iid": "e5aec530-d7b0-11ee-b8b5-afb333d3f7e2",
				"layer": "Entities",
				"x": 272,
				"y": 104,
				"width": 8,
				"height": 8,
				"color": 16711748,
				"customFields": {
					"Gravity": "Down"
				}
			},
			{
				"id": "Death",
				"iid": "e6992530-d7b0-11ee-b8b5-b1de37d9af76",
				"layer": "Entities",
				"x": 264,
				"y": 104,
				"width": 8,
				"height": 8,
				"color": 16711748,
				"customFields": {
					"Gravity": "Down"
				}
			},
			{
				"id": "Death",
				"iid": "e71d9770-d7b0-11ee-b8b5-27405a973594",
				"layer": "Entities",
				"x": 256,
				"y": 104,
				"width": 8,
				"height": 8,
				"color": 16711748,
				"customFields": {
					"Gravity": "Down"
				}
			},
			{
				"id": "Death",
				"iid": "e77e06f0-d7b0-11ee-b8b5-7b201c6e9092",
				"layer": "Entities",
				"x": 248,
				"y": 104,
				"width": 8,
				"height": 8,
				"color": 16711748,
				"customFields": {
					"Gravity": "Down"
				}
			},
			{
				"id": "Death",
				"iid": "e7eb6ec0-d7b0-11ee-b8b5-1563cd230237",
				"layer": "Entities",
				"x": 240,
				"y": 104,
				"width": 8,
				"height": 8,
				"color": 16711748,
				"customFields": {
					"Gravity": "Down"
				}
			},
			{
				"id": "Death",
				"iid": "e8908860-d7b0-11ee-b8b5-f1ff3870209a",
				"layer": "Entities",
				"x": 232,
				"y": 104,
				"width": 8,
				"height": 8,
				"color": 16711748,
				"customFields": {
					"Gravity": "Down"
				}
			},
			{
				"id": "Death",
				"iid": "e92b8fe0-d7b0-11ee-b8b5-4328b6a10855",
				"layer": "Entities",
				"x": 224,
				"y": 104,
				"width": 8,
				"height": 8,
				"color": 16711748,
				"customFields": {
					"Gravity": "Down"
				}
			},
			{
				"id": "Death",
				"iid": "e9c70c90-d7b0-11ee-b8b5-ddb5658c2b1f",
				"layer": "Entities",
				"x": 216,
				"y": 104,
				"width": 8,
				"height": 8,
				"color": 16711748,
				"customFields": {
					"Gravity": "Down"
				}
			},
			{
				"id": "Death",
				"iid": "ea2f4440-d7b0-11ee-b8b5-5da607deb2cf",
				"layer": "Entities",
				"x": 208,
				"y": 104,
				"width": 8,
				"height": 8,
				"color": 16711748,
				"customFields": {
					"Gravity": "Down"
				}
			},
			{
				"id": "Death",
				"iid": "ea9c8500-d7b0-11ee-b8b5-d555432b7097",
				"layer": "Entities",
				"x": 200,
				"y": 104,
				"width": 8,
				"height": 8,
				"color": 16711748,
				"customFields": {
					"Gravity": "Down"
				}
			},
			{
				"id": "Death",
				"iid": "eb378c80-d7b0-11ee-b8b5-5f28d3c4d179",
				"layer": "Entities",
				"x": 192,
				"y": 104,
				"width": 8,
				"height": 8,
				"color": 16711748,
				"customFields": {
					"Gravity": "Down"
				}
			},
			{
				"id": "Death",
				"iid": "ebc85ad0-d7b0-11ee-b8b5-a906b7c97616",
				"layer": "Entities",
				"x": 184,
				"y": 104,
				"width": 8,
				"height": 8,
				"color": 16711748,
				"customFields": {
					"Gravity": "Down"
				}
			},
			{
				"id": "Death",
				"iid": "ec68e090-d7b0-11ee-b8b5-59b41f427873",
				"layer": "Entities",
				"x": 176,
				"y": 104,
				"width": 8,
				"height": 8,
				"color": 16711748,
				"customFields": {
					"Gravity": "Down"
				}
			},
			{
				"id": "Death",
				"iid": "ece822b0-d7b0-11ee-b8b5-0561ddbe5874",
				"layer": "Entities",
				"x": 168,
				"y": 104,
				"width": 8,
				"height": 8,
				"color": 16711748,
				"customFields": {
					"Gravity": "Down"
				}
			},
			{
				"id": "Death",
				"iid": "ed5cb670-d7b0-11ee-b8b5-a514f34ec74a",
				"layer": "Entities",
				"x": 160,
				"y": 104,
				"width": 8,
				"height": 8,
				"color": 16711748,
				"customFields": {
					"Gravity": "Down"
				}
			},
			{
				"id": "Death",
				"iid": "ee6a7cf0-d7b0-11ee-b8b5-3d1b6b94e1be",
				"layer": "Entities",
				"x": 152,
				"y": 104,
				"width": 8,
				"height": 8,
				"color": 16711748,
				"customFields": {
					"Gravity": "Down"
				}
			},
			{
				"id": "Death",
				"iid": "89cb1970-d7b0-11ee-b8b5-6f554e86a751",
				"layer": "Entities",
				"x": 280,
				"y": 104,
				"width": 8,
				"height": 8,
				"color": 16711748,
				"customFields": {
					"Gravity": "Down"
				}
			},
			{
				"id": "Death",
				"iid": "8afc4670-d7b0-11ee-b8b5-250e77c4a855",
				"layer": "Entities",
				"x": 288,
				"y": 104,
				"width": 8,
				"height": 8,
				"color": 16711748,
				"customFields": {
					"Gravity": "Down"
				}
			},
			{
				"id": "Death",
				"iid": "dadae660-d7b0-11ee-b8b5-13ac74b2fcf0",
				"layer": "Entities",
				"x": 296,
				"y": 104,
				"width": 8,
				"height": 8,
				"color": 16711748,
				"customFields": {
					"Gravity": "Down"
				}
			}
		],
		"GravityBall": [
			{
				"id": "GravityBall",
				"iid": "bed7fda0-d7b0-11ee-b8b5-bd329c857860",
				"layer": "Entities",
				"x": 132,
				"y": 84,
				"width": 8,
				"height": 8,
				"color": 6539085,
				"customFields": {
					"Gravity": "Up",
					"Direction": null
				}
			},
			{
				"id": "GravityBall",
				"iid": "c1627910-d7b0-11ee-b8b5-3ddcb6d4a3d8",
				"layer": "Entities",
				"x": 156,
				"y": 44,
				"width": 8,
				"height": 8,
				"color": 6539085,
				"customFields": {
					"Gravity": "Down",
					"Direction": null
				}
			},
			{
				"id": "GravityBall",
				"iid": "c46ab000-d7b0-11ee-b8b5-433bcedd18a0",
				"layer": "Entities",
				"x": 180,
				"y": 84,
				"width": 8,
				"height": 8,
				"color": 6539085,
				"customFields": {
					"Gravity": "Up",
					"Direction": null
				}
			},
			{
				"id": "GravityBall",
				"iid": "0e2ea8e0-d7b0-11ee-b8b5-d9e88e83bd05",
				"layer": "Entities",
				"x": 252,
				"y": 44,
				"width": 8,
				"height": 8,
				"color": 6539085,
				"customFields": {
					"Gravity": "Down",
					"Direction": null
				}
			},
			{
				"id": "GravityBall",
				"iid": "12300ce0-d7b0-11ee-b8b5-afa338690770",
				"layer": "Entities",
				"x": 268,
				"y": 84,
				"width": 8,
				"height": 8,
				"color": 6539085,
				"customFields": {
					"Gravity": "Up",
					"Direction": null
				}
			},
			{
				"id": "GravityBall",
				"iid": "f97ac580-d7b0-11ee-b8b5-7f8811e5a7b6",
				"layer": "Entities",
				"x": 100,
				"y": 28,
				"width": 8,
				"height": 8,
				"color": 6539085,
				"customFields": {
					"Gravity": "Down",
					"Direction": null
				}
			}
		],
		"Portal": [
			{
				"id": "Portal",
				"iid": "f9d994e0-d7b0-11ee-b8b5-2bd891d3e29f",
				"layer": "Entities",
				"x": 280,
				"y": 32,
				"width": 16,
				"height": 16,
				"color": 6539085,
				"customFields": {
					"Exit_ref": {
						"entityIid": "cef314e0-d7b0-11ee-84cb-035f893a663b",
						"layerIid": "6faa3a91-d7b0-11ee-84cb-953c6f36395d",
						"levelIid": "6faa1380-d7b0-11ee-84cb-d7750683021c",
						"worldIid": "94e3ac31-d7b0-11ee-8429-f395ff985ff4"
					},
					"label": "exit"
				}
			}
		]
	}
}