{
	"identifier": "Level_5",
	"uniqueIdentifer": "5ddad810-d7b0-11ee-b8b5-b1a6551738a2",
	"x": -1,
	"y": -1,
	"width": 304,
	"height": 152,
	"bgColor": "#696A79",
	"neighbourLevels": [],
	"customFields" : {},
	"layers": [
		"Tiles.png",
		"IntGrid.png"
	],
	"entities": {
		"Spawn": [
			{
				"id": "Spawn",
				"iid": "cb544430-d7b0-11ee-b8b5-b50141bd11d3",
				"layer": "Entities",
				"x": 16,
				"y": 88,
				"width": 8,
				"height": 8,
				"color": 39387,
				"customFields" : {}
			}
		],
		"PortalExit": [
			{
				"id": "PortalExit",
				"iid": "cf670d50-d7b0-11ee-b8b5-d75d47386fd6",
				"layer": "Entities",
				"x": 16,
				"y": 104,
				"width": 8,
				"height": 8,
				"color": 14984818,
				"customFields": {
					"Gravity": "Down"
				}
			}
		],
		"Escargot": [
			{
				"id": "Escargot",
				"iid": "d97ef9b0-d7b0-11ee-b8b5-9184e67eebd2",
				"layer": "Entities",
				"x": 64,
				"y": 112,
				"width": 16,
				"height": 8,
				"color": 7552569,
				"customFields": {
					"Gravity": "Down",
					"Direction": "Left"
				}
			},
			{
				"id": "Escargot",
				"iid": "dab57de0-d7b0-11ee-b8b5-574ae1d89ed5",
				"layer": "Entities",
				"x": 112,
				"y": 112,
				"width": 16,
				"height": 8,
				"color": 7552569,
				"customFields": {
					"Gravity": "Down",
					"Direction": "Right"
				}
			},
			{
				"id": "Escargot",
				"iid": "df6ff8b0-d7b0-11ee-b8b5-8b9b061e02bd",
				"layer": "Entities",
				"x": 48,
				"y": 40,
				"width": 16,
				"height": 8,
				"color": 7552569,
				"customFields": {
					"Gravity": "Up",
					"Direction": "Right"
				}
			},
			{
				"id": "Escargot",
				"iid": "e0d1ab90-d7b0-11ee-b8b5-03700f82d285",
				"layer": "Entities",
				"x": 168,
				"y": 40,
				"width": 16,
				"height": 8,
				"color": 7552569,
				"customFields": {
					"Gravity": "Up",
					"Direction": "Right"
				}
			}
		],
		"Portal": [
			{
				"id": "Portal",
				"iid": "f0098b50-d7b0-11ee-b8b5-4f69e1c80f54",
				"layer": "Entities",
				"x": 224,
				"y": 104,
				"width": 16,
				"height": 16,
				"color": 6539085,
				"customFields": {
					"Exit_ref": {
						"entityIid": "af87adb0-d7b0-11ee-b8b5-6d1364b72372",
						"layerIid": "5aaf3aa1-d7b0-11ee-b8b5-5f39b7d16ef8",
						"levelIid": "5aaf1390-d7b0-11ee-b8b5-1f0a2826c504",
						"worldIid": "94e3ac31-d7b0-11ee-8429-f395ff985ff4"
					},
					"label": "exit"
				}
			}
		],
		"Death": [
			{
				"id": "Death",
				"iid": "f1f24880-d7b0-11ee-b8b5-9b645c8e5199",
				"layer": "Entities",
				"x": 208,
				"y": 40,
				"width": 8,
				"height": 8,
				"color": 16711748,
				"customFields": {
					"Gravity": "Up"
				}
			},
			{
				"id": "Death",
				"iid": "f2adf760-d7b0-11ee-b8b5-6369253ae824",
				"layer": "Entities",
				"x": 224,
				"y": 40,
				"width": 8,
				"height": 8,
				"color": 16711748,
				"customFields": {
					"Gravity": "Up"
				}
			},
			{
				"id": "Death",
				"iid": "f30ba7c0-d7b0-11ee-b8b5-47bcf816a20b",
				"layer": "Entities",
				"x": 232,
				"y": 40,
				"width": 8,
				"height": 8,
				"color": 16711748,
				"customFields": {
					"Gravity": "Up"
				}
			},
			{
				"id": "Death",
				"iid": "f37984c0-d7b0-11ee-b8b5-49842ac23366",
				"layer": "Entities",
				"x": 248,
				"y": 40,
				"width": 8,
				"height": 8,
				"color": 16711748,
				"customFields": {
					"Gravity": "Up"
				}
			},
			{
				"id": "Death",
				"iid": "f40f8330-d7b0-11ee-b8b5-c5cb8d5292a5",
				"layer": "Entities",
				"x": 240,
				"y": 40,
				"width": 8,
				"height": 8,
				"color": 16711748,
				"customFields": {
					"Gravity": "Up"
				}
			},
			{
				"id": "Death",
				"iid": "f52befb0-d7b0-11ee-b8b5-efcf528315e6",
				"layer": "Entities",
				"x": 216,
				"y": 40,
				"width": 8,
				"height": 8,
				"color": 16711748,
				"customFields": {
					"Gravity": "Up"
				}
			},
			{
				"id": "Death",
				"iid": "4bf77ad0-d7b0-11ee-b8b5-8d509e056bdd",
				"layer": "Entities",
				"x": 104,
				"y": 40,
				"width": 8,
				"height": 8,
				"color": 16711748,
				"customFields": {
					"Gravity": "Up"
				}
			},
			{
				"id": "Death",
				"iid": "4c85b110-d7b0-11ee-b8b5-3f18751e2226",
				"layer": "Entities",
				"x": 112,
				"y": 40,
				"width": 8,
				"height": 8,
				"color": 16711748,
				"customFields": {
					"Gravity": "Up"
				}
			},
			{
				"id": "Death",
				"iid": "4ce1b3c0-d7b0-11ee-b8b5-bf24f5277c47",
				"layer": "Entities",
				"x": 120,
				"y": 40,
				"width": 8,
				"height": 8,
				"color": 16711748,
				"customFields": {
					"Gravity": "Up"
				}
			},
			{
				"id": "Death",
				"iid": "4dd366c0-d7b0-11ee-b8b5-4f75a96ffe6c",
				"layer": "Entities",
				"x": 128,
				"y": 40,
				"width": 8,
				"height": 8,
				"color": 16711748,
				"customFields": {
					"Gravity": "Up"
				}
			}
		],
		"Bouncer": [
			{
				"id": "Bouncer",
				"iid": "05d7d1d0-d7b0-11ee-b8b5-b773b70734a0",
				"layer": "Entities",
				"x": 40,
				"y": 112,
				"width": 8,
				"height": 8,
				"color": 16705377,
				"customFields" : {}
			},
			{
				"id": "Bouncer",
				"iid": "087e60c0-d7b0-11ee-b8b5-a50b262531c0",
				"layer": "Entities",
				"x": 96,
				"y": 112,
				"width": 8,
				"height": 8,
				"color": 16705377,
				"customFields" : {}
			},
			{
				"id": "Bouncer",
				"iid": "093b4820-d7b0-11ee-b8b5-37c66e0b28e4",
				"layer": "Entities",
				"x": 104,
				"y": 112,
				"width": 8,
				"height": 8,
				"color": 16705377,
				"customFields" : {}
			},
			{
				"id": "Bouncer",
				"iid": "0abb3160-d7b0-11ee-b8b5-e1e6bfb85b2f",
				"layer": "Entities",
				"x": 152,
				"y": 112,
				"width": 8,
				"height": 8,
				"color": 16705377,
				"customFields" : {}
			},
			{
				"id": "Bouncer",
				"iid": "0dbb03e0-d7b0-11ee-b8b5-f5e05ab23bc4",
				"layer": "Entities",
				"x": 216,
				"y": 40,
				"width": 8,
				"height": 8,
				"color": 16705377,
				"customFields" : {}
			},
			{
				"id": "Bouncer",
				"iid": "1080b390-d7b0-11ee-b8b5-c1783159614c",
				"layer": "Entities",
				"x": 128,
				"y": 40,
				"width": 8,
				"height": 8,
				"color": 16705377,
				"customFields" : {}
			},
			{
				"id": "Bouncer",
				"iid": "111e0500-d7b0-11ee-b8b5-d70a202bb970",
				"layer": "Entities",
				"x": 104,
				"y": 40,
				"width": 8,
				"height": 8,
				"color": 16705377,
				"customFields" : {}
			},
			{
				"id": "Bouncer",
				"iid": "13fd3020-d7b0-11ee-b8b5-db1bf860b946",
				"layer": "Entities",
				"x": 32,
				"y": 40,
				"width": 8,
				"height": 8,
				"color": 16705377,
				"customFields" : {}
			},
			{
				"id": "Bouncer",
				"iid": "a28846e0-d7b0-11ee-b8b5-dd0d2040e50d",
				"layer": "Entities",
				"x": 104,
				"y": 108,
				"width": 8,
				"height": 8,
				"color": 16705377,
				"customFields" : {}
			},
			{
				"id": "Bouncer",
				"iid": "a33a31c0-d7b0-11ee-b8b5-bb013282ef3f",
				"layer": "Entities",
				"x": 152,
				"y": 108,
				"width": 8,
				"height": 8,
				"color": 16705377,
				"customFields" : {}
			}
		],
		"GravityBall": [
			{
				"id": "GravityBall",
				"iid": "5f0f7af0-d7b0-11ee-b8b5-1762b921a899",
				"layer": "Entities",
				"x": 124,
				"y": 108,
				"width": 8,
				"height": 8,
				"color": 6539085,
				"customFields": {
					"Gravity": "Up",
					"Direction": "Left"
				}
			},
			{
				"id": "GravityBall",
				"iid": "5fecbb90-d7b0-11ee-b8b5-b95a79d54f0b",
				"layer": "Entities",
				"x": 196,
				"y": 60,
				"width": 8,
				"height": 8,
				"color": 6539085,
				"customFields": {
					"Gravity": "Down",
					"Direction": null
				}
			},
			{
				"id": "GravityBall",
				"iid": "6b41e2e0-d7b0-11ee-b8b5-c16f3d522cc2",
				"layer": "Entities",
				"x": 60,
				"y": 108,
				"width": 8,
				"height": 8,
				"color": 6539085,
				"customFields": {
					"Gravity": "Up",
					"Direction": null
				}
			},
			{
				"id": "GravityBall",
				"iid": "6fcc9b20-d7b0-11ee-b8b5-99dbc6b31886",
				"layer": "Entities",
				"x": 92,
				"y": 52,
				"width": 8,
				"height": 8,
				"color": 6539085,
				"customFields": {
					"Gravity": "Down",
					"Direction": null
				}
			}
		],
		"Collision": [
			{
				"id": "Collision",
				"iid": "9104c970-d7b0-11ee-b8b5-4f3e3faa5e33",
				"layer": "Entities",
				"x": 0,
				"y": 120,
				"width": 272,
				"height": 8,
				"color": 15389866,
				"customFields" : {}
			},
			{
				"id": "Collision",
				"iid": "92c69db0-d7b0-11ee-b8b5-a70caef80668",
				"layer": "Entities",
				"x": 256,
				"y": 32,
				"width": 8,
				"height": 96,
				"color": 15389866,
				"customFields" : {}
			},
			{
				"id": "Collision",
				"iid": "980d52f0-d7b0-11ee-b8b5-690d6742ebc3",
				"layer": "Entities",
				"x": 0,
				"y": 32,
				"width": 272,
				"height": 8,
				"color": 15389866,
				"customFields" : {}
			},
			{
				"id": "Collision",
				"iid": "9a65c1e0-d7b0-11ee-b8b5-d357c928a00e",
				"layer": "Entities",
				"x": 0,
				"y": 40,
				"width": 8,
				"height": 88,
				"color": 15389866,
				"customFields" : {}
			},
			{
				"id": "Collision",
				"iid": "d6f461c0-d7b0-11ee-b8b5-99046c36d371",
				"layer": "Entities",
				"x": 96,
				"y": 112,
				"width": 16,
				"height": 32,
				"color": 15389866,
				"customFields" : {}
			},
			{
				"id": "Collision",
				"iid": "d89d2fc0-d7b0-11ee-b8b5-ef3705810202",
				"layer": "Entities",
				"x": 152,
				"y": 112,
				"width": 8,
				"height": 24,
				"color": 15389866,
				"customFields" : {}
			},
			{
				"id": "Collision",
				"iid": "da29ea40-d7b0-11ee-b8b5-113e68317728",
				"layer": "Entities",
				"x": 40,
				"y": 112,
				"width": 8,
				"height": 32,
				"color": 15389866,
				"customFields" : {}
			},
			{
				"id": "Collision",
				"iid": "ed6577f0-d7b0-11ee-b8b5-55fbf68ca754",
				"layer": "Entities",
				"x": 32,
				"y": 24,
				"width": 8,
				"height": 24,
				"color": 15389866,
				"customFields" : {}
			}
		]
	}
}