{"version":"V1","name":"Abechronome","resolution":{"width":128,"height":128},"sprites":{"width":8,"height":8},"zoom":4,"colors":["#272946","#E7FFEE","#A07CFF","#EDA031","#7057B3","#A16C22","#696A79"],"scripts":["game.lua","entities.lua","player.lua","sequencer.lua"],"spritesheets":["wizard.png","ball.png","tiles.png","escargot.png"],"levels":["aberation/simplified/Level_0","aberation/simplified/Level_1","aberation/simplified/Level_2","aberation/simplified/Level_3"],"sounds":["data/sfx-0.sfx","data/sfx-1.sfx","data/sfx-2.sfx","data/sfx-3.sfx","data/sfx-4.sfx"]}