{
	"identifier": "Level_0",
	"uniqueIdentifer": "e9071650-d7b0-11ee-8894-8f22f68443c4",
	"x": -1,
	"y": -1,
	"width": 520,
	"height": 128,
	"bgColor": "#696A79",
	"neighbourLevels": [],
	"customFields" : {},
	"layers": [
		"Tiles.png",
		"IntGrid.png"
	],
	"entities": {
		"Spawn": [
			{
				"id": "Spawn",
				"iid": "fc65f890-d7b0-11ee-8894-ad3afc2a1509",
				"layer": "Entities",
				"x": 16,
				"y": 56,
				"width": 8,
				"height": 8,
				"color": 39387,
				"customFields" : {}
			}
		],
		"Portal": [
			{
				"id": "Portal",
				"iid": "d7fa34e0-d7b0-11ee-8715-758a193f42f5",
				"layer": "Entities",
				"x": 432,
				"y": 96,
				"width": 16,
				"height": 16,
				"color": 6539085,
				"customFields": {
					"Exit_ref": {
						"entityIid": "dcc94920-d7b0-11ee-8715-63f9e72ba8f5",
						"layerIid": "849eda53-d7b0-11ee-8759-c523f9ea5604",
						"levelIid": "849eda50-d7b0-11ee-8759-cd30da54f49e",
						"worldIid": "94e3ac31-d7b0-11ee-8429-f395ff985ff4"
					},
					"label": "exit"
				}
			}
		],
		"Title": [
			{
				"id": "Title",
				"iid": "4cf10170-d7b0-11ee-84cb-77b7a87ecbbb",
				"layer": "Entities",
				"x": 16,
				"y": 16,
				"width": 97,
				"height": 41,
				"color": 11551418,
				"customFields" : {}
			}
		],
		"Collision": [
			{
				"id": "Collision",
				"iid": "5a599f70-d7b0-11ee-84cb-318abfc42d22",
				"layer": "Entities",
				"x": 0,
				"y": 112,
				"width": 216,
				"height": 8,
				"color": 15389866,
				"customFields" : {}
			},
			{
				"id": "Collision",
				"iid": "5e2bb610-d7b0-11ee-84cb-5d08416d4a20",
				"layer": "Entities",
				"x": 0,
				"y": 0,
				"width": 8,
				"height": 112,
				"color": 15389866,
				"customFields" : {}
			},
			{
				"id": "Collision",
				"iid": "ac420200-d7b0-11ee-84cb-691808397201",
				"layer": "Entities",
				"x": 208,
				"y": 120,
				"width": 40,
				"height": 8,
				"color": 15389866,
				"customFields" : {}
			},
			{
				"id": "Collision",
				"iid": "af4d4630-d7b0-11ee-84cb-2d746526a47d",
				"layer": "Entities",
				"x": 240,
				"y": 104,
				"width": 128,
				"height": 8,
				"color": 15389866,
				"customFields" : {}
			},
			{
				"id": "Collision",
				"iid": "b2d95320-d7b0-11ee-84cb-a1840760c880",
				"layer": "Entities",
				"x": 360,
				"y": 112,
				"width": 160,
				"height": 8,
				"color": 15389866,
				"customFields" : {}
			},
			{
				"id": "Collision",
				"iid": "b6917920-d7b0-11ee-84cb-11fd2444915e",
				"layer": "Entities",
				"x": 512,
				"y": 0,
				"width": 8,
				"height": 112,
				"color": 15389866,
				"customFields" : {}
			},
			{
				"id": "Collision",
				"iid": "d9939200-d7b0-11ee-84cb-311d84d32791",
				"layer": "Entities",
				"x": 240,
				"y": 104,
				"width": 8,
				"height": 24,
				"color": 15389866,
				"customFields" : {}
			}
		]
	}
}